﻿<?xml version="1.0" encoding="utf-8"?>
<publishData>
  <publishProfile publishUrl="E:\Publish\Website\Publish" deleteExistingFiles="True" ftpAnonymousLogin="False" ftpPassiveMode="True" msdeploySite="" msdeploySiteID="" msdeployRemoteSitePhysicalPath="" msdeployAllowUntrustedCertificate="False" msdeploySkipExtraFilesOnServer="True" msdeployMarkAsApp="False" profileName="Profile1" publishMethod="FileSystem" replaceMatchingFiles="False" userName="" savePWD="False" userPWD="" SelectedForPublish="True">
    <file relUrl="ErrorPage.aspx" publishTime="08/26/2014 13:22:02" />
    <file relUrl="ReceiveGoods.aspx" publishTime="08/26/2014 13:30:37" />
    <file relUrl="Default.aspx" publishTime="10/08/2014 14:23:13" />
    <file relUrl="Scripts/jquery-1.7.1.min.js" publishTime="08/26/2014 13:30:36" />
    <file relUrl="JQuery/jquery-1.9.1.js" publishTime="08/26/2014 13:16:37" />
    <file relUrl="Images/down.png" publishTime="08/26/2014 13:22:03" />
    <file relUrl="DriverAllocation.aspx" publishTime="08/26/2014 13:22:02" />
    <file relUrl="OutstandingPO.aspx" publishTime="08/26/2014 13:22:14" />
    <file relUrl="Styles/Images/ui-icons_d8e7f3_256x240.png" publishTime="08/26/2014 13:30:09" />
    <file relUrl="Images/up.png" publishTime="08/26/2014 13:22:05" />
    <file relUrl="Styles/Images/ui-bg_glass_45_0078ae_1x400.png" publishTime="08/26/2014 13:30:09" />
    <file relUrl="Images/square-red-right.gif" publishTime="08/26/2014 13:22:03" />
    <file relUrl="POSearch.aspx" publishTime="01/21/2015 14:24:14" />
    <file relUrl="Styles/Images/ui-bg_gloss-wave_45_e14f1c_500x100.png" publishTime="08/26/2014 13:30:09" />
    <file relUrl="Images/header.png" publishTime="08/26/2014 13:22:03" />
    <file relUrl="Images/indentbg2.gif" publishTime="08/26/2014 13:22:03" />
    <file relUrl="Web.config" publishTime="05/28/2015 11:57:06" />
    <file relUrl="AmountOutlet.aspx" publishTime="08/26/2014 13:30:09" />
    <file relUrl="Styles/Images/ui-bg_flat_75_aaaaaa_40x100.png" publishTime="08/26/2014 13:30:09" />
    <file relUrl="Main.Master" publishTime="10/08/2014 14:23:13" />
    <file relUrl="Login.aspx" publishTime="08/26/2014 13:22:02" />
    <file relUrl="Global.asax" publishTime="08/26/2014 13:22:02" />
    <file relUrl="Libs/itextsharp.xtra.dll" publishTime="08/26/2014 13:17:27" />
    <file relUrl="Styles/Images/ui-icons_e0fdff_256x240.png" publishTime="08/26/2014 13:30:09" />
    <file relUrl="Scripts/dialog.js" publishTime="08/26/2014 13:30:36" />
    <file relUrl="Rpt_StockTakeList.aspx" publishTime="08/26/2014 13:27:45" />
    <file relUrl="Images/border.jpg" publishTime="08/26/2014 13:22:03" />
    <file relUrl="SOStatusList.aspx" publishTime="08/26/2014 13:30:37" />
    <file relUrl="Scripts/jquery-ui.js" publishTime="08/26/2014 13:30:36" />
    <file relUrl="bin/AjaxControlToolkit.dll" publishTime="08/26/2014 13:17:27" />
    <file relUrl="Report/StockTakeList.sql" publishTime="08/26/2014 13:27:45" />
    <file relUrl="Styles/Images/ui-bg_gloss-wave_50_6eac2c_500x100.png" publishTime="08/26/2014 13:30:09" />
    <file relUrl="Styles/Images/ui-icons_f7a50d_256x240.png" publishTime="08/26/2014 13:30:09" />
    <file relUrl="Scripts/jquery-1.4.1.min.js" publishTime="08/26/2014 13:30:36" />
    <file relUrl="bin/Suki.dll" publishTime="05/28/2015 12:00:41" />
    <file relUrl="OutletPopup.aspx" publishTime="08/26/2014 13:22:02" />
    <file relUrl="Styles/Images/ui-icons_0078ae_256x240.png" publishTime="08/26/2014 13:30:09" />
    <file relUrl="Scripts/jquery-ui-1.10.3.min.js" publishTime="08/26/2014 13:30:36" />
    <file relUrl="UserManagement.aspx" publishTime="08/26/2014 13:17:27" />
    <file relUrl="JQuery/jquery-ui.css" publishTime="08/26/2014 13:16:37" />
    <file relUrl="Scripts/common.js" publishTime="08/26/2014 13:30:36" />
    <file relUrl="Scripts/jquery-1.4.1.js" publishTime="08/26/2014 13:30:36" />
    <file relUrl="Images/bar.png" publishTime="08/26/2014 13:22:03" />
    <file relUrl="Styles/Images/ui-icons_056b93_256x240.png" publishTime="08/26/2014 13:30:09" />
    <file relUrl="Libs/NPOI.dll" publishTime="08/26/2014 13:17:27" />
    <file relUrl="StockTakingList.aspx" publishTime="08/26/2014 13:22:02" />
    <file relUrl="Libs/AjaxControlToolkit.dll" publishTime="08/26/2014 13:17:27" />
    <file relUrl="Styles/Styles.css" publishTime="08/26/2014 13:30:09" />
    <file relUrl="Images/ferris.gif" publishTime="08/26/2014 13:22:05" />
    <file relUrl="Images/AbeoElectra Logo Large copy transparent.png" publishTime="08/26/2014 13:22:03" />
    <file relUrl="Images/sukilogo.png" publishTime="08/26/2014 13:22:03" />
    <file relUrl="Libs/itextsharp.dll" publishTime="08/26/2014 13:17:27" />
    <file relUrl="Scripts/jquery-1.4.1-vsdoc.js" publishTime="08/26/2014 13:30:36" />
    <file relUrl="Scripts/main.js" publishTime="11/13/2014 17:42:21" />
    <file relUrl="DebugPage.aspx" publishTime="08/26/2014 13:17:28" />
    <file relUrl="Scripts/jquery-1.10.2.min.js" publishTime="08/26/2014 13:30:36" />
    <file relUrl="Styles/Site.css" publishTime="08/26/2014 13:30:09" />
    <file relUrl="InvalidPage.aspx" publishTime="08/26/2014 13:30:37" />
    <file relUrl="Images/Calendar_scheduleHS.png" publishTime="08/26/2014 13:22:05" />
    <file relUrl="Scripts/jquery-ui-1.8.20.js" publishTime="08/26/2014 13:30:36" />
    <file relUrl="Scripts/jsUpdateProgress.js" publishTime="08/26/2014 13:30:36" />
    <file relUrl="Styles/Images/ui-icons_fcd113_256x240.png" publishTime="08/26/2014 13:30:09" />
    <file relUrl="Images/square-green-right.gif" publishTime="08/26/2014 13:22:03" />
    <file relUrl="Libs/itextsharp.pdfa.dll" publishTime="08/26/2014 13:17:27" />
    <file relUrl="Styles/Images/ui-bg_glass_75_79c9ec_1x400.png" publishTime="08/26/2014 13:30:09" />
    <file relUrl="SOList.aspx" publishTime="08/26/2014 13:17:27" />
    <file relUrl="CompanySetupList.aspx" publishTime="08/26/2014 13:22:02" />
    <file relUrl="Images/square-orange-right.gif" publishTime="08/26/2014 13:22:03" />
    <file relUrl="Images/logo.png" publishTime="08/26/2014 13:22:03" />
    <file relUrl="GRPOList.aspx" publishTime="08/26/2014 13:22:02" />
    <file relUrl="ItemPopup.aspx" publishTime="08/26/2014 13:22:02" />
    <file relUrl="JQuery/jquery-ui.js" publishTime="08/26/2014 13:16:37" />
    <file relUrl="Popup.Master" publishTime="11/16/2014 10:27:42" />
    <file relUrl="Site.Master" publishTime="08/26/2014 13:27:46" />
    <file relUrl="ClosingStock.aspx" publishTime="01/16/2015 13:23:04" />
    <file relUrl="PODrafts.aspx" publishTime="08/26/2014 13:17:28" />
    <file relUrl="Report/PurchaseOrder.sql" publishTime="08/26/2014 13:27:45" />
    <file relUrl="VendorPopup.aspx" publishTime="08/26/2014 13:22:02" />
    <file relUrl="BatchPopup.aspx" publishTime="08/26/2014 13:17:27" />
    <file relUrl="Styles/Images/ui-bg_glass_55_f8da4e_1x400.png" publishTime="08/26/2014 13:30:09" />
    <file relUrl="bin/NPOI.dll" publishTime="08/26/2014 13:17:27" />
    <file relUrl="ChangePassword.aspx" publishTime="08/26/2014 13:22:02" />
    <file relUrl="Images/square-gray-right.gif" publishTime="08/26/2014 13:22:03" />
    <file relUrl="Styles/Images/ui-bg_gloss-wave_75_2191c0_500x100.png" publishTime="08/26/2014 13:30:09" />
    <file relUrl="Images/Email/Purchasing - General-01.png" publishTime="08/26/2014 13:22:04" />
    <file relUrl="bin/Suki.pdb" publishTime="05/28/2015 12:00:40" />
    <file relUrl="Styles/jquery-ui.css" publishTime="08/26/2014 13:30:09" />
    <file relUrl="Styles/Images/ui-bg_flat_55_999999_40x100.png" publishTime="08/26/2014 13:30:09" />
    <file relUrl="Scripts/jquery.js" publishTime="08/26/2014 13:30:36" />
    <file relUrl="Scripts/jquery-ui-1.8.20.min.js" publishTime="08/26/2014 13:30:36" />
    <file relUrl="Images/ajax-loader.gif" publishTime="08/26/2014 13:22:03" />
    <file relUrl="CopyTemplate.aspx" publishTime="08/26/2014 13:27:45" />
    <file relUrl="DriverAllocationSetting.aspx" publishTime="08/26/2014 13:30:09" />
    <file relUrl="CreatePO.aspx" publishTime="08/26/2014 13:30:09" />
    <file relUrl="Styles/Images/ui-icons_f5e175_256x240.png" publishTime="08/26/2014 13:30:09" />
    <file relUrl="StockTakeDrafts.aspx" publishTime="08/26/2014 13:30:37" />
    <file relUrl="Scripts/jquery-1.7.1.js" publishTime="08/26/2014 13:30:36" />
    <file relUrl="Images/square-blue-right.gif" publishTime="08/26/2014 13:22:05" />
    <file relUrl="Images/home-button4.jpg" publishTime="08/26/2014 13:22:05" />
    <file relUrl="Images/Email/EmailTemplate.htm" publishTime="08/26/2014 13:22:04" />
    <file relUrl="Images/loading1.gif" publishTime="08/26/2014 13:22:05" />
    <file relUrl="Images/indentbg.gif" publishTime="08/26/2014 13:22:05" />
    <file relUrl="CalendarOutlet.aspx" publishTime="08/26/2014 13:27:45" />
    <file relUrl="OutletItemList.aspx" publishTime="08/26/2014 13:30:07" />
    <file relUrl="Images/loading.gif" publishTime="08/26/2014 13:22:03" />
    <file relUrl="Images/bg_gradient.gif" publishTime="08/26/2014 13:22:05" />
    <file relUrl="Styles/Images/ui-bg_inset-hard_100_fcfdfd_1x100.png" publishTime="08/26/2014 13:30:09" />
    <file relUrl="bin/itextsharp.dll" publishTime="08/26/2014 13:17:27" />
  </publishProfile>
</publishData>